{"cameraMode":{"drawMode":0,"name":"Shaded","section":"Shading Mode"},"sceneLighting":false,"audioPlay":false,"sceneViewState":{"showFog":true,"showMaterialUpdate":false,"showSkybox":false,"showFlares":true,"showImageEffects":true,"showParticleSystems":true},"in2DMode":false,"pivot":{"x":-0.3949458599090576,"y":0.18786859512329102,"z":0.738911509513855},"rotation":{"x":-0.14063651859760285,"y":0.7739198803901672,"z":-0.18472982943058015,"w":-0.5891909599304199},"size":2.2686471939086916,"orthographic":false}