{"cameraMode":{"drawMode":0,"name":"Shaded","section":"Shading Mode"},"sceneLighting":false,"audioPlay":false,"sceneViewState":{"showFog":true,"showMaterialUpdate":false,"showSkybox":false,"showFlares":true,"showImageEffects":true,"showParticleSystems":true},"in2DMode":false,"pivot":{"x":1.6866788864135743,"y":16.28985595703125,"z":20.371078491210939},"rotation":{"x":0.9622091054916382,"y":-0.004078791476786137,"z":0.014434225857257843,"w":0.2718997001647949},"size":8.468122482299805,"orthographic":true}